epoch,time,train/box_loss,train/seg_loss,train/cls_loss,train/dfl_loss,train/sem_loss,metrics/precision(B),metrics/recall(B),metrics/mAP50(B),metrics/mAP50-95(B),metrics/precision(M),metrics/recall(M),metrics/mAP50(M),metrics/mAP50-95(M),val/box_loss,val/seg_loss,val/cls_loss,val/dfl_loss,val/sem_loss,lr/pg0,lr/pg1,lr/pg2
1,212.364,1.61231,3.26747,1.65865,1.27449,0,0.33119,0.11173,0.11097,0.06454,0.14664,0.01428,0.0089,0.00272,1.71864,11.2433,1.52385,1.22757,0,3.31811e-05,3.31811e-05,0.0668521
2,350.578,1.39406,2.84437,1.15888,1.15822,0,0.43346,0.14705,0.15536,0.09622,0.40235,0.12464,0.12725,0.0706,1.46232,3.2282,1.13259,1.12541,0,6.63498e-05,6.63498e-05,0.0335519
3,496.486,1.33675,2.73126,1.07517,1.1276,0,0.46705,0.15945,0.16193,0.10062,0.44525,0.14346,0.14534,0.08008,1.4082,2.85267,1.06256,1.11487,0,9.93535e-05,9.93535e-05,0.000251561
4,643.296,1.31506,2.67829,1.03667,1.11798,0,0.47784,0.17152,0.17207,0.10607,0.46049,0.15757,0.15742,0.08672,1.37325,2.78632,1.01633,1.09508,0,9.92575e-05,9.92575e-05,9.92575e-05
5,787.008,1.29164,2.62592,1.00998,1.11064,0,0.31739,0.18893,0.18345,0.11231,0.292,0.16917,0.1622,0.08791,1.35482,2.76255,1.00307,1.10272,0,9.901e-05,9.901e-05,9.901e-05
6,937.352,1.27862,2.60353,0.99114,1.10227,0,0.41975,0.1877,0.18487,0.11409,0.38118,0.17126,0.16602,0.09163,1.35446,2.74651,0.9795,1.08431,0,9.87625e-05,9.87625e-05,9.87625e-05
7,1084.9,1.26419,2.5705,0.97722,1.09519,0,0.43218,0.19154,0.19131,0.11796,0.39238,0.176,0.1711,0.09359,1.32837,2.68764,0.95435,1.0814,0,9.8515e-05,9.8515e-05,9.8515e-05
8,1233.95,1.25872,2.5595,0.97076,1.09097,0,0.43472,0.19023,0.19187,0.11895,0.39087,0.17282,0.17118,0.09438,1.33655,2.69089,0.94855,1.08273,0,9.82675e-05,9.82675e-05,9.82675e-05
9,1380.86,1.24424,2.52173,0.9517,1.08691,0,0.44142,0.19924,0.19784,0.12165,0.40459,0.17441,0.17354,0.0935,1.31962,2.65445,0.92974,1.07233,0,9.802e-05,9.802e-05,9.802e-05
10,1527.56,1.24323,2.51805,0.94621,1.08384,0,0.44491,0.19464,0.19536,0.12012,0.40108,0.17795,0.17336,0.09569,1.30969,2.65648,0.93286,1.07077,0,9.77725e-05,9.77725e-05,9.77725e-05
11,1673.96,1.23709,2.49989,0.93863,1.08274,0,0.43875,0.20016,0.19865,0.12249,0.39619,0.17655,0.17489,0.0923,1.31463,2.65118,0.92851,1.06537,0,9.7525e-05,9.7525e-05,9.7525e-05
12,1818.86,1.23142,2.49192,0.93852,1.07829,0,0.4352,0.19967,0.19781,0.12263,0.40053,0.18331,0.17722,0.09649,1.29382,2.64572,0.90309,1.06811,0,9.72775e-05,9.72775e-05,9.72775e-05
13,1965.51,1.22416,2.46676,0.92681,1.07466,0,0.43405,0.2008,0.19929,0.12281,0.3948,0.18105,0.1791,0.09711,1.30881,2.63602,0.91194,1.06971,0,9.703e-05,9.703e-05,9.703e-05
14,2110.55,1.22052,2.46665,0.92139,1.0725,0,0.4507,0.20724,0.2031,0.1243,0.40801,0.18147,0.18069,0.09866,1.30108,2.61062,0.91311,1.06715,0,9.67825e-05,9.67825e-05,9.67825e-05
15,2259.51,1.21393,2.4532,0.9147,1.07186,0,0.45674,0.20498,0.20254,0.12556,0.41598,0.18368,0.18108,0.1001,1.30943,2.62221,0.92146,1.0685,0,9.6535e-05,9.6535e-05,9.6535e-05
16,2408.07,1.21298,2.4537,0.91317,1.07137,0,0.43606,0.20381,0.20018,0.12291,0.418,0.17684,0.17939,0.09978,1.30057,2.62574,0.90169,1.06406,0,9.62875e-05,9.62875e-05,9.62875e-05
17,2554.51,1.20556,2.43712,0.90551,1.06644,0,0.46635,0.20357,0.2059,0.12699,0.42102,0.18588,0.18512,0.10128,1.28381,2.5951,0.8882,1.06171,0,9.604e-05,9.604e-05,9.604e-05
18,2700.56,1.19707,2.41788,0.90049,1.06231,0,0.43256,0.20554,0.20748,0.12802,0.39437,0.1838,0.18312,0.10023,1.30526,2.60835,0.89921,1.05769,0,9.57925e-05,9.57925e-05,9.57925e-05
19,2847.38,1.19985,2.41723,0.89535,1.06289,0,0.45846,0.20647,0.20742,0.1274,0.41332,0.18482,0.18289,0.09971,1.2887,2.60936,0.90351,1.06164,0,9.5545e-05,9.5545e-05,9.5545e-05
20,2994.24,1.19384,2.39819,0.88824,1.06124,0,0.44427,0.21124,0.20533,0.12582,0.42311,0.18526,0.18391,0.10008,1.29468,2.60285,0.8918,1.06576,0,9.52975e-05,9.52975e-05,9.52975e-05
21,3139.95,1.19497,2.40102,0.88933,1.05864,0,0.43466,0.203,0.21027,0.12798,0.36967,0.18344,0.18189,0.09806,1.2891,2.60781,0.89851,1.05686,0,9.505e-05,9.505e-05,9.505e-05
22,3285.6,1.19453,2.39765,0.88574,1.05966,0,0.47673,0.21281,0.20974,0.12823,0.42853,0.19032,0.18725,0.10232,1.26783,2.57601,0.88244,1.05753,0,9.48025e-05,9.48025e-05,9.48025e-05
23,3432.56,1.18178,2.37746,0.87631,1.05461,0,0.44325,0.22126,0.21066,0.12807,0.41905,0.19003,0.18316,0.10008,1.27451,2.5716,0.87905,1.05583,0,9.4555e-05,9.4555e-05,9.4555e-05
24,3579.05,1.18537,2.37308,0.88159,1.05605,0,0.47099,0.21059,0.21148,0.13015,0.41651,0.18908,0.18553,0.1015,1.27523,2.58138,0.8881,1.05683,0,9.43075e-05,9.43075e-05,9.43075e-05
25,3724.65,1.17916,2.3635,0.86971,1.05455,0,0.47917,0.20764,0.20605,0.128,0.42701,0.18576,0.18222,0.09834,1.27946,2.58054,0.88314,1.05068,0,9.406e-05,9.406e-05,9.406e-05
26,3871.03,1.18504,2.38342,0.87716,1.05719,0,0.43001,0.21182,0.21023,0.12978,0.39774,0.18973,0.18781,0.10101,1.27652,2.5888,0.87992,1.05759,0,9.38125e-05,9.38125e-05,9.38125e-05
27,4019.76,1.18035,2.37106,0.8685,1.05186,0,0.42942,0.21855,0.21129,0.13019,0.3892,0.19862,0.18948,0.10444,1.27656,2.58003,0.88046,1.05464,0,9.3565e-05,9.3565e-05,9.3565e-05
28,4165.82,1.17277,2.3554,0.86277,1.04973,0,0.43053,0.20848,0.20891,0.12867,0.39552,0.18646,0.18596,0.10193,1.27665,2.55707,0.88366,1.05728,0,9.33175e-05,9.33175e-05,9.33175e-05
29,4314.27,1.1777,2.35936,0.86604,1.04985,0,0.47084,0.20797,0.2099,0.12947,0.42802,0.18757,0.18623,0.10202,1.26407,2.5785,0.8673,1.05334,0,9.307e-05,9.307e-05,9.307e-05
30,4462.19,1.17041,2.34056,0.85426,1.04706,0,0.46049,0.21385,0.21208,0.1304,0.41397,0.18909,0.18544,0.09977,1.28523,2.57091,0.8743,1.05643,0,9.28225e-05,9.28225e-05,9.28225e-05
31,4612.45,1.1641,2.33678,0.85318,1.04632,0,0.45869,0.21823,0.21666,0.13304,0.41791,0.19633,0.18943,0.10384,1.274,2.55957,0.87795,1.04979,0,9.2575e-05,9.2575e-05,9.2575e-05
32,4761.35,1.16898,2.3347,0.8577,1.04774,0,0.49057,0.20986,0.21136,0.12972,0.46648,0.18983,0.19021,0.1034,1.2696,2.56328,0.87271,1.05576,0,9.23275e-05,9.23275e-05,9.23275e-05
33,4910.89,1.16775,2.34127,0.85234,1.0465,0,0.48744,0.21175,0.21381,0.13167,0.44904,0.19153,0.18902,0.10262,1.27272,2.57993,0.87362,1.05356,0,9.208e-05,9.208e-05,9.208e-05
34,5056.73,1.16255,2.32833,0.84675,1.04457,0,0.44399,0.21517,0.21361,0.13196,0.39613,0.19356,0.18749,0.10411,1.27979,2.5493,0.87418,1.05638,0,9.18325e-05,9.18325e-05,9.18325e-05
35,5204.34,1.16361,2.32411,0.84616,1.0435,0,0.38549,0.21847,0.20857,0.12954,0.36547,0.1923,0.18764,0.10316,1.28107,2.54473,0.87345,1.05287,0,9.1585e-05,9.1585e-05,9.1585e-05
36,5351.78,1.16609,2.33536,0.84757,1.04524,0,0.45134,0.21221,0.21158,0.13196,0.42975,0.19424,0.19213,0.10465,1.26464,2.55869,0.86498,1.05327,0,9.13375e-05,9.13375e-05,9.13375e-05
37,5499.86,1.15589,2.3054,0.84102,1.04077,0,0.39107,0.20823,0.21063,0.13161,0.37253,0.18929,0.19131,0.10505,1.25007,2.52952,0.85169,1.04783,0,9.109e-05,9.109e-05,9.109e-05
38,5646.71,1.15626,2.31861,0.8353,1.04048,0,0.45991,0.21306,0.21351,0.13223,0.43151,0.19592,0.19302,0.10546,1.27924,2.53908,0.86456,1.05412,0,9.08425e-05,9.08425e-05,9.08425e-05
39,5794.38,1.15517,2.31231,0.83917,1.0406,0,0.43011,0.22216,0.21941,0.13511,0.37645,0.19894,0.19163,0.10414,1.26062,2.53523,0.85817,1.04851,0,9.0595e-05,9.0595e-05,9.0595e-05
40,5939.53,1.15767,2.30313,0.8369,1.04038,0,0.44478,0.2201,0.21357,0.13233,0.43744,0.19999,0.19387,0.10408,1.26356,2.53446,0.8566,1.04912,0,9.03475e-05,9.03475e-05,9.03475e-05
41,6088.12,1.15183,2.29591,0.82898,1.03748,0,0.46095,0.21602,0.21531,0.13354,0.43584,0.19666,0.19643,0.10665,1.26256,2.52921,0.85267,1.04855,0,9.01e-05,9.01e-05,9.01e-05
42,6236.1,1.15268,2.30249,0.83093,1.03773,0,0.47648,0.21646,0.21393,0.1313,0.42452,0.19635,0.18999,0.10544,1.25723,2.52284,0.85808,1.05102,0,8.98525e-05,8.98525e-05,8.98525e-05
43,6385.13,1.14722,2.28673,0.82787,1.03586,0,0.47474,0.21902,0.21524,0.13176,0.4324,0.20007,0.19027,0.10368,1.25585,2.527,0.85818,1.04862,0,8.9605e-05,8.9605e-05,8.9605e-05
44,6531.73,1.14648,2.29483,0.82698,1.03471,0,0.44521,0.21831,0.2156,0.13324,0.42675,0.19713,0.19118,0.10383,1.25642,2.53352,0.86103,1.05326,0,8.93575e-05,8.93575e-05,8.93575e-05
45,6678.77,1.14295,2.27489,0.82251,1.03391,0,0.46147,0.21654,0.21585,0.13393,0.43925,0.1931,0.19146,0.10489,1.25066,2.52157,0.8527,1.04643,0,8.911e-05,8.911e-05,8.911e-05
46,6824.64,1.14463,2.27938,0.8184,1.03251,0,0.45517,0.2125,0.21333,0.13299,0.43133,0.19562,0.1931,0.10574,1.26372,2.52416,0.85415,1.04814,0,8.88625e-05,8.88625e-05,8.88625e-05
47,6972.7,1.14168,2.26601,0.81864,1.03225,0,0.40676,0.22152,0.21541,0.13196,0.37324,0.20076,0.19205,0.1055,1.25897,2.5228,0.85365,1.04707,0,8.8615e-05,8.8615e-05,8.8615e-05
48,7119.76,1.14202,2.27461,0.81445,1.03249,0,0.41162,0.22113,0.21893,0.13417,0.39069,0.19619,0.19355,0.10588,1.25311,2.51916,0.84722,1.04684,0,8.83675e-05,8.83675e-05,8.83675e-05
49,7264.81,1.13348,2.25477,0.80958,1.02923,0,0.45646,0.22128,0.21755,0.1342,0.43119,0.20315,0.19611,0.10548,1.25373,2.53036,0.84381,1.04893,0,8.812e-05,8.812e-05,8.812e-05
50,7409.95,1.13906,2.27209,0.8166,1.02994,0,0.45804,0.21464,0.21629,0.13405,0.41523,0.20154,0.19764,0.1071,1.26089,2.52972,0.8477,1.04697,0,8.78725e-05,8.78725e-05,8.78725e-05
51,7559.04,1.13575,2.26268,0.81086,1.03333,0,0.47053,0.21421,0.21562,0.13406,0.4082,0.20195,0.19121,0.10423,1.25786,2.50915,0.8532,1.04884,0,8.7625e-05,8.7625e-05,8.7625e-05
52,7707.46,1.13148,2.2521,0.80571,1.02915,0,0.46221,0.21742,0.21472,0.13328,0.41782,0.20177,0.19423,0.10608,1.25343,2.50719,0.84414,1.04699,0,8.73775e-05,8.73775e-05,8.73775e-05
53,7855.07,1.12681,2.24182,0.80489,1.0271,0,0.45209,0.22828,0.21908,0.13525,0.44069,0.19362,0.19285,0.10444,1.25367,2.50385,0.83927,1.04969,0,8.713e-05,8.713e-05,8.713e-05
54,8000.36,1.13062,2.25103,0.80841,1.0296,0,0.47055,0.23026,0.22211,0.13672,0.43368,0.20878,0.19998,0.10868,1.25299,2.51355,0.84158,1.04954,0,8.68825e-05,8.68825e-05,8.68825e-05
55,8147.63,1.12801,2.25318,0.80573,1.02568,0,0.40527,0.22202,0.21848,0.13478,0.36888,0.19973,0.19473,0.10745,1.25863,2.51766,0.84619,1.05001,0,8.6635e-05,8.6635e-05,8.6635e-05
56,8294.87,1.12301,2.24408,0.80077,1.02452,0,0.4266,0.22208,0.22027,0.13604,0.39774,0.1995,0.19696,0.10742,1.25288,2.49789,0.83973,1.04772,0,8.63875e-05,8.63875e-05,8.63875e-05
57,8445.17,1.12769,2.24343,0.802,1.02586,0,0.44718,0.21995,0.21698,0.13417,0.42079,0.19605,0.19556,0.10684,1.26228,2.50807,0.84893,1.05206,0,8.614e-05,8.614e-05,8.614e-05
58,8592.38,1.12554,2.24571,0.79811,1.02504,0,0.40052,0.22539,0.22005,0.135,0.3668,0.20244,0.19564,0.10712,1.25489,2.51762,0.84447,1.0527,0,8.58925e-05,8.58925e-05,8.58925e-05
59,8740.61,1.12394,2.2377,0.79739,1.02289,0,0.41605,0.21883,0.21819,0.13481,0.37091,0.19868,0.19748,0.10745,1.2556,2.501,0.84206,1.04758,0,8.5645e-05,8.5645e-05,8.5645e-05
60,8888.55,1.12372,2.23842,0.79368,1.02249,0,0.42094,0.21844,0.21628,0.13433,0.39848,0.19896,0.19821,0.10785,1.25643,2.51892,0.84971,1.0511,0,8.53975e-05,8.53975e-05,8.53975e-05
61,9035.27,1.11954,2.2289,0.7914,1.02244,0,0.42041,0.22054,0.21732,0.13476,0.37862,0.19789,0.1951,0.1075,1.26039,2.51601,0.84025,1.05232,0,8.515e-05,8.515e-05,8.515e-05
62,9183.78,1.12218,2.23549,0.79156,1.02146,0,0.43403,0.22196,0.21875,0.13518,0.37101,0.20384,0.19587,0.10791,1.25852,2.5143,0.84136,1.05421,0,8.49025e-05,8.49025e-05,8.49025e-05
63,9334.22,1.11619,2.22575,0.79056,1.02258,0,0.41245,0.22071,0.21779,0.13458,0.36634,0.20506,0.19696,0.10661,1.24973,2.49468,0.83482,1.04746,0,8.4655e-05,8.4655e-05,8.4655e-05
64,9482.8,1.11746,2.21444,0.78802,1.02292,0,0.41273,0.22082,0.21726,0.13478,0.3804,0.19946,0.19575,0.10627,1.24654,2.50877,0.82866,1.04901,0,8.44075e-05,8.44075e-05,8.44075e-05
65,9630.33,1.11554,2.2162,0.78768,1.02008,0,0.41871,0.22289,0.22078,0.13507,0.37671,0.19892,0.19602,0.10783,1.2516,2.50147,0.8321,1.0477,0,8.416e-05,8.416e-05,8.416e-05
66,9777.92,1.11776,2.21559,0.78574,1.01999,0,0.41319,0.22713,0.22077,0.13524,0.38508,0.20199,0.19757,0.10675,1.26025,2.51415,0.83538,1.0521,0,8.39125e-05,8.39125e-05,8.39125e-05
67,9924.08,1.11309,2.20941,0.78341,1.01807,0,0.43194,0.21804,0.2208,0.13596,0.38637,0.19661,0.19675,0.10754,1.26468,2.51257,0.84131,1.05371,0,8.3665e-05,8.3665e-05,8.3665e-05
68,10070.5,1.1111,2.2068,0.78098,1.01717,0,0.41215,0.22606,0.21935,0.13579,0.36642,0.1984,0.19704,0.10775,1.25327,2.49734,0.83385,1.05043,0,8.34175e-05,8.34175e-05,8.34175e-05
69,10218.8,1.11055,2.20537,0.77667,1.01813,0,0.40961,0.22868,0.22174,0.13584,0.38997,0.20586,0.20296,0.10831,1.25476,2.5021,0.83065,1.05186,0,8.317e-05,8.317e-05,8.317e-05
70,10367.1,1.11194,2.20528,0.77802,1.01725,0,0.40256,0.22317,0.22051,0.13531,0.37886,0.19661,0.19626,0.10791,1.25737,2.5044,0.83596,1.05135,0,8.29225e-05,8.29225e-05,8.29225e-05
71,10515.7,1.10948,2.20182,0.77823,1.01705,0,0.43831,0.22378,0.22258,0.13616,0.41348,0.19523,0.19851,0.1086,1.25741,2.49749,0.83325,1.05267,0,8.2675e-05,8.2675e-05,8.2675e-05
72,10661.8,1.10568,2.18552,0.77614,1.01575,0,0.41481,0.23038,0.22208,0.13639,0.39124,0.20311,0.20225,0.10909,1.25662,2.50679,0.83515,1.05285,0,8.24275e-05,8.24275e-05,8.24275e-05
73,10808.6,1.10496,2.19259,0.77133,1.01322,0,0.4186,0.22569,0.21857,0.13475,0.38418,0.20002,0.19741,0.10776,1.25534,2.51045,0.83755,1.05243,0,8.218e-05,8.218e-05,8.218e-05
74,10957.2,1.1028,2.18565,0.77022,1.01335,0,0.44466,0.2177,0.2186,0.13549,0.39901,0.1991,0.19875,0.10759,1.25652,2.50942,0.83532,1.05361,0,8.19325e-05,8.19325e-05,8.19325e-05
75,11104.3,1.1026,2.18752,0.76816,1.01153,0,0.41873,0.22345,0.21878,0.13619,0.38551,0.20522,0.19997,0.10872,1.25995,2.50839,0.84345,1.0518,0,8.1685e-05,8.1685e-05,8.1685e-05
76,11249.3,1.1042,2.19056,0.7728,1.01224,0,0.41037,0.22425,0.2199,0.13667,0.39576,0.20378,0.20126,0.1091,1.25931,2.50745,0.84037,1.0507,0,8.14375e-05,8.14375e-05,8.14375e-05
77,11397.6,1.10194,2.18482,0.76912,1.01375,0,0.39541,0.22616,0.21913,0.13597,0.36168,0.20448,0.19733,0.10805,1.25736,2.50739,0.83535,1.05115,0,8.119e-05,8.119e-05,8.119e-05
78,11541.4,1.10175,2.18034,0.76574,1.01103,0,0.41244,0.22172,0.21982,0.13618,0.37259,0.20057,0.19712,0.10726,1.25436,2.50876,0.83445,1.05101,0,8.09425e-05,8.09425e-05,8.09425e-05
79,11690.5,1.0969,2.16893,0.76441,1.01089,0,0.41223,0.22007,0.2201,0.13592,0.37053,0.20006,0.19734,0.10704,1.24763,2.50452,0.82895,1.04948,0,8.0695e-05,8.0695e-05,8.0695e-05
80,11835.9,1.1016,2.17687,0.76606,1.01316,0,0.4098,0.2244,0.21961,0.13584,0.36999,0.20656,0.19971,0.10848,1.24931,2.50482,0.82885,1.04945,0,8.04475e-05,8.04475e-05,8.04475e-05
81,11983.8,1.10066,2.18449,0.76414,1.01084,0,0.4217,0.2263,0.22089,0.13584,0.38452,0.20257,0.19813,0.10768,1.25127,2.50971,0.82955,1.0502,0,8.02e-05,8.02e-05,8.02e-05
82,12132.9,1.09699,2.16609,0.75966,1.00838,0,0.42495,0.2212,0.2214,0.13623,0.37926,0.20162,0.20012,0.10791,1.2539,2.50473,0.82859,1.04993,0,7.99525e-05,7.99525e-05,7.99525e-05
83,12281.4,1.10113,2.17842,0.75903,1.01062,0,0.44253,0.21805,0.22278,0.137,0.37772,0.20453,0.20065,0.10864,1.25125,2.50224,0.82659,1.05221,0,7.9705e-05,7.9705e-05,7.9705e-05
84,12430.2,1.09624,2.17413,0.75667,1.00793,0,0.41919,0.22573,0.22228,0.13738,0.37511,0.2057,0.19943,0.10869,1.25566,2.50897,0.82662,1.05575,0,7.94575e-05,7.94575e-05,7.94575e-05
85,12578.7,1.09525,2.16352,0.75716,1.00877,0,0.41713,0.22405,0.22157,0.1371,0.3851,0.20404,0.19887,0.10926,1.25084,2.50201,0.8264,1.05437,0,7.921e-05,7.921e-05,7.921e-05
86,12726.7,1.09469,2.17085,0.756,1.00974,0,0.43491,0.22253,0.22105,0.13723,0.35864,0.20847,0.19984,0.10984,1.24989,2.49781,0.82815,1.05355,0,7.89625e-05,7.89625e-05,7.89625e-05
87,12874.6,1.09113,2.15432,0.74978,1.00646,0,0.38797,0.22971,0.22016,0.13633,0.34406,0.20506,0.19705,0.10826,1.25169,2.49661,0.83052,1.05309,0,7.8715e-05,7.8715e-05,7.8715e-05
88,13020.1,1.09146,2.15307,0.75288,1.00677,0,0.39563,0.2216,0.21786,0.13536,0.37607,0.19868,0.19738,0.10728,1.25369,2.50059,0.82823,1.0527,0,7.84675e-05,7.84675e-05,7.84675e-05
89,13167.3,1.09041,2.1543,0.74842,1.00663,0,0.44757,0.22639,0.21836,0.13602,0.40538,0.20539,0.19696,0.10733,1.25362,2.49362,0.82634,1.05443,0,7.822e-05,7.822e-05,7.822e-05
90,13315.6,1.08635,2.14934,0.74886,1.00432,0,0.41304,0.22456,0.22135,0.13757,0.38238,0.2023,0.19913,0.10802,1.25585,2.50634,0.82823,1.05533,0,7.79725e-05,7.79725e-05,7.79725e-05
91,13461.5,1.08653,2.14779,0.74685,1.00492,0,0.42163,0.22476,0.22185,0.1375,0.37101,0.19894,0.19713,0.10753,1.25379,2.50909,0.82879,1.05561,0,7.7725e-05,7.7725e-05,7.7725e-05
92,13607.8,1.0897,2.15405,0.74805,1.00603,0,0.4191,0.22798,0.22177,0.13687,0.36794,0.20347,0.19932,0.1088,1.25827,2.51757,0.83544,1.05769,0,7.74775e-05,7.74775e-05,7.74775e-05
93,13755.7,1.08517,2.13959,0.74361,1.00476,0,0.43287,0.2218,0.22047,0.13592,0.4003,0.19937,0.20056,0.1091,1.2595,2.51147,0.83579,1.05641,0,7.723e-05,7.723e-05,7.723e-05
94,13902.8,1.08503,2.14748,0.74243,1.00347,0,0.43919,0.21945,0.22043,0.13613,0.40271,0.19744,0.20035,0.10922,1.25578,2.50437,0.83013,1.0562,0,7.69825e-05,7.69825e-05,7.69825e-05
95,14051.9,1.08343,2.13317,0.73861,1.00078,0,0.5155,0.2156,0.22162,0.13624,0.46749,0.19443,0.19986,0.10835,1.25812,2.50405,0.83177,1.05714,0,7.6735e-05,7.6735e-05,7.6735e-05
96,14200.3,1.0848,2.14217,0.74049,1.00332,0,0.49868,0.21588,0.22201,0.13685,0.46853,0.19505,0.19996,0.10835,1.26008,2.50606,0.82993,1.05641,0,7.64875e-05,7.64875e-05,7.64875e-05
97,14347.1,1.0808,2.135,0.74177,1.00275,0,0.44712,0.2165,0.22161,0.13649,0.41516,0.19803,0.2002,0.10818,1.25962,2.50523,0.82974,1.05627,0,7.624e-05,7.624e-05,7.624e-05
98,14495,1.08186,2.13522,0.73712,1.00104,0,0.48772,0.22127,0.22256,0.13736,0.45937,0.19901,0.20148,0.10941,1.25802,2.51138,0.82535,1.05795,0,7.59925e-05,7.59925e-05,7.59925e-05
99,14642.3,1.07994,2.12575,0.73514,1.00102,0,0.50009,0.22201,0.22343,0.13763,0.45355,0.19934,0.19956,0.10849,1.25758,2.5051,0.82606,1.05742,0,7.5745e-05,7.5745e-05,7.5745e-05
100,14788.6,1.07508,2.12754,0.73537,0.99859,0,0.5204,0.21618,0.22349,0.13731,0.46315,0.19885,0.2022,0.10889,1.25738,2.50869,0.82516,1.05727,0,7.54975e-05,7.54975e-05,7.54975e-05
101,14936.9,1.07234,2.11789,0.72964,0.99839,0,0.51072,0.21723,0.2226,0.1366,0.45269,0.20135,0.20185,0.10881,1.25839,2.51155,0.82355,1.05834,0,7.525e-05,7.525e-05,7.525e-05
102,15085.7,1.07471,2.12004,0.73464,0.99825,0,0.45235,0.21979,0.22422,0.13711,0.40192,0.20254,0.2009,0.1093,1.25836,2.51385,0.82373,1.05799,0,7.50025e-05,7.50025e-05,7.50025e-05
103,15233.4,1.08004,2.12819,0.73438,1.00084,0,0.45212,0.22273,0.22366,0.13687,0.39357,0.20416,0.20128,0.10917,1.25945,2.51715,0.82236,1.05893,0,7.4755e-05,7.4755e-05,7.4755e-05
104,15381.2,1.07597,2.11651,0.73308,0.99811,0,0.45355,0.22011,0.22289,0.13744,0.38965,0.20452,0.20094,0.10926,1.25769,2.51985,0.82318,1.05875,0,7.45075e-05,7.45075e-05,7.45075e-05
105,15527.3,1.07539,2.11619,0.7301,0.99864,0,0.45862,0.22055,0.22295,0.13714,0.41416,0.19982,0.20058,0.10871,1.25606,2.5212,0.82287,1.05745,0,7.426e-05,7.426e-05,7.426e-05
106,15676.8,1.07513,2.11241,0.72704,0.9972,0,0.46128,0.2174,0.22255,0.13724,0.42013,0.1991,0.20065,0.10878,1.2554,2.52144,0.8203,1.05719,0,7.40125e-05,7.40125e-05,7.40125e-05
107,15825.1,1.07215,2.11455,0.72737,0.99732,0,0.47269,0.22126,0.22334,0.13684,0.42272,0.1995,0.20086,0.10846,1.254,2.52077,0.82081,1.0572,0,7.3765e-05,7.3765e-05,7.3765e-05
108,16000.9,1.07281,2.10277,0.72371,0.99679,0,0.46136,0.21748,0.22173,0.13681,0.42564,0.19923,0.20094,0.10869,1.25549,2.51484,0.82127,1.05769,0,7.35175e-05,7.35175e-05,7.35175e-05
109,16181.2,1.06701,2.10296,0.72025,0.99342,0,0.47594,0.21432,0.22185,0.13667,0.42389,0.19859,0.20107,0.10865,1.25526,2.51675,0.82156,1.05825,0,7.327e-05,7.327e-05,7.327e-05
110,16358.3,1.06891,2.1046,0.72231,0.99514,0,0.46448,0.21538,0.22157,0.13691,0.43097,0.19581,0.20095,0.10946,1.25631,2.51714,0.82233,1.05907,0,7.30225e-05,7.30225e-05,7.30225e-05
111,16533.6,1.06905,2.10501,0.72423,0.997,0,0.46922,0.21562,0.22202,0.13729,0.42665,0.1964,0.20174,0.10932,1.25672,2.51753,0.82158,1.05974,0,7.2775e-05,7.2775e-05,7.2775e-05
112,16709.3,1.06696,2.10357,0.72265,0.9931,0,0.45582,0.21453,0.22106,0.13702,0.4167,0.19768,0.2011,0.10882,1.25683,2.51957,0.822,1.06029,0,7.25275e-05,7.25275e-05,7.25275e-05
113,16883.1,1.06596,2.1034,0.71969,0.99573,0,0.45176,0.21915,0.22189,0.13717,0.41479,0.19764,0.20121,0.10902,1.25637,2.52193,0.82146,1.06046,0,7.228e-05,7.228e-05,7.228e-05
114,17054.4,1.06278,2.09499,0.71745,0.99228,0,0.44512,0.21969,0.22218,0.13707,0.42243,0.19564,0.20126,0.10897,1.25682,2.5237,0.821,1.06113,0,7.20325e-05,7.20325e-05,7.20325e-05
115,17226.1,1.06441,2.09095,0.71531,0.9947,0,0.43822,0.2208,0.22241,0.13692,0.41861,0.19487,0.2009,0.10904,1.25786,2.51475,0.82044,1.06154,0,7.1785e-05,7.1785e-05,7.1785e-05
116,17397.2,1.06668,2.09777,0.71832,0.99404,0,0.4356,0.22115,0.2222,0.13705,0.40826,0.19762,0.20117,0.10883,1.25772,2.51578,0.82047,1.06166,0,7.15375e-05,7.15375e-05,7.15375e-05
117,17570.2,1.06566,2.09635,0.71387,0.99073,0,0.45751,0.21301,0.22177,0.13725,0.41293,0.19749,0.20173,0.10928,1.25799,2.51427,0.82033,1.06218,0,7.129e-05,7.129e-05,7.129e-05
118,17745.8,1.06387,2.08858,0.7153,0.99051,0,0.44674,0.21699,0.22133,0.13702,0.40891,0.19812,0.20075,0.10896,1.25749,2.51463,0.81838,1.06208,0,7.10425e-05,7.10425e-05,7.10425e-05
119,17926.7,1.06387,2.09027,0.71265,0.99208,0,0.44909,0.21756,0.2216,0.13705,0.40846,0.19807,0.20106,0.10913,1.25822,2.51092,0.81767,1.06233,0,7.0795e-05,7.0795e-05,7.0795e-05
120,18103.2,1.06579,2.08987,0.7136,0.99105,0,0.42875,0.22217,0.2219,0.13727,0.41335,0.19872,0.20098,0.10897,1.2595,2.51148,0.81744,1.06343,0,7.05475e-05,7.05475e-05,7.05475e-05
121,18272.2,1.06284,2.09609,0.71305,0.99157,0,0.44652,0.21917,0.22169,0.13738,0.41239,0.19884,0.2013,0.10927,1.2603,2.51157,0.81733,1.06432,0,7.03e-05,7.03e-05,7.03e-05
122,18447.2,1.05713,2.08261,0.71118,0.9903,0,0.43893,0.22022,0.22185,0.13725,0.40846,0.201,0.20132,0.10957,1.26165,2.51296,0.81763,1.0647,0,7.00525e-05,7.00525e-05,7.00525e-05
123,18618.7,1.05857,2.08399,0.70848,0.9902,0,0.43035,0.2218,0.22192,0.13734,0.40265,0.19957,0.20123,0.1097,1.26183,2.51419,0.81702,1.06475,0,6.9805e-05,6.9805e-05,6.9805e-05
124,18801.4,1.05666,2.0753,0.70669,0.98874,0,0.43381,0.2207,0.22235,0.1376,0.39727,0.20104,0.20165,0.10984,1.26197,2.51226,0.81692,1.06449,0,6.95575e-05,6.95575e-05,6.95575e-05
125,18991,1.05551,2.0784,0.70496,0.98697,0,0.42837,0.22444,0.22206,0.1374,0.38752,0.2041,0.20147,0.10987,1.26177,2.5135,0.81766,1.06494,0,6.931e-05,6.931e-05,6.931e-05
126,19170.4,1.06134,2.08193,0.70655,0.98962,0,0.4213,0.22433,0.22256,0.13762,0.38121,0.2014,0.20096,0.1096,1.26226,2.51742,0.81701,1.06537,0,6.90625e-05,6.90625e-05,6.90625e-05
127,19344.9,1.05309,2.07035,0.70642,0.98696,0,0.43152,0.22359,0.22191,0.13743,0.38664,0.20231,0.20093,0.10958,1.26195,2.51835,0.81695,1.06531,0,6.8815e-05,6.8815e-05,6.8815e-05
128,19523.4,1.05282,2.05926,0.70367,0.9892,0,0.43685,0.22409,0.22175,0.13759,0.39987,0.20006,0.20124,0.10975,1.26202,2.51784,0.8167,1.06589,0,6.85675e-05,6.85675e-05,6.85675e-05
129,19713.7,1.0575,2.06998,0.70369,0.98682,0,0.43722,0.21937,0.22111,0.13752,0.4009,0.2003,0.20069,0.10946,1.26291,2.51882,0.81679,1.06661,0,6.832e-05,6.832e-05,6.832e-05
130,19906.7,1.0516,2.06739,0.7007,0.98663,0,0.44019,0.21971,0.22126,0.1373,0.40642,0.1997,0.20103,0.10947,1.26294,2.51862,0.81722,1.06646,0,6.80725e-05,6.80725e-05,6.80725e-05
131,20090.3,1.04834,2.05796,0.69836,0.98392,0,0.44139,0.21979,0.22213,0.13747,0.4028,0.20146,0.20118,0.10938,1.26254,2.5198,0.81672,1.06692,0,6.7825e-05,6.7825e-05,6.7825e-05
132,20276.7,1.05192,2.06813,0.7028,0.98633,0,0.44448,0.21933,0.2217,0.13746,0.40662,0.20009,0.20096,0.10921,1.26266,2.51927,0.81663,1.067,0,6.75775e-05,6.75775e-05,6.75775e-05
133,20470.8,1.05404,2.06511,0.69955,0.98563,0,0.44136,0.21966,0.22132,0.13744,0.39984,0.19938,0.20099,0.10906,1.26187,2.521,0.81698,1.06686,0,6.733e-05,6.733e-05,6.733e-05
134,20652.8,1.05298,2.06649,0.70115,0.98561,0,0.43825,0.22065,0.22105,0.13739,0.39868,0.19867,0.20111,0.10908,1.26263,2.52229,0.81723,1.06705,0,6.70825e-05,6.70825e-05,6.70825e-05
135,20841.4,1.05168,2.06349,0.70005,0.98574,0,0.43683,0.21948,0.22094,0.13732,0.39716,0.19874,0.20032,0.10899,1.26317,2.52241,0.81784,1.06721,0,6.6835e-05,6.6835e-05,6.6835e-05
136,21031.1,1.0461,2.05923,0.69427,0.98386,0,0.43591,0.22205,0.22152,0.13735,0.3987,0.19753,0.19995,0.10903,1.26375,2.52022,0.81779,1.0676,0,6.65875e-05,6.65875e-05,6.65875e-05
137,21219.5,1.04643,2.0533,0.69498,0.98333,0,0.43388,0.22305,0.22184,0.13757,0.39334,0.19744,0.19995,0.10894,1.26378,2.52049,0.81762,1.06751,0,6.634e-05,6.634e-05,6.634e-05
138,21396.4,1.04583,2.05569,0.69316,0.983,0,0.43112,0.22143,0.22149,0.13767,0.39144,0.19683,0.19989,0.109,1.26425,2.52359,0.81774,1.06777,0,6.60925e-05,6.60925e-05,6.60925e-05
139,21584.3,1.04388,2.04728,0.69269,0.98162,0,0.43244,0.2219,0.22193,0.13778,0.3882,0.19949,0.20026,0.10898,1.26435,2.52378,0.81852,1.0677,0,6.5845e-05,6.5845e-05,6.5845e-05
140,21772.8,1.04866,2.05239,0.69472,0.98295,0,0.43363,0.22269,0.22186,0.13762,0.39095,0.19928,0.20068,0.10904,1.26414,2.52199,0.81842,1.06751,0,6.55975e-05,6.55975e-05,6.55975e-05
141,21965.9,1.03962,2.04198,0.68892,0.98077,0,0.4364,0.22214,0.22189,0.13768,0.39511,0.20045,0.20158,0.10959,1.26411,2.52228,0.81859,1.06755,0,6.535e-05,6.535e-05,6.535e-05
142,22172.8,1.04303,2.05275,0.69053,0.98073,0,0.43506,0.22163,0.22217,0.13762,0.40009,0.20073,0.20196,0.10976,1.26322,2.52167,0.81808,1.06692,0,6.51025e-05,6.51025e-05,6.51025e-05
143,22380.7,1.04539,2.0453,0.69039,0.98071,0,0.43512,0.22224,0.22263,0.13776,0.38193,0.20527,0.20227,0.10977,1.2626,2.52143,0.81751,1.06667,0,6.4855e-05,6.4855e-05,6.4855e-05
144,22578.6,1.04335,2.04243,0.69045,0.97924,0,0.4301,0.22325,0.22304,0.13793,0.38466,0.20527,0.20248,0.10981,1.26252,2.51896,0.81737,1.06676,0,6.46075e-05,6.46075e-05,6.46075e-05
145,22772.9,1.04033,2.04031,0.68822,0.9802,0,0.4302,0.22295,0.22317,0.13795,0.38084,0.20607,0.20294,0.10973,1.26296,2.51979,0.81755,1.06718,0,6.436e-05,6.436e-05,6.436e-05
146,22952.6,1.03886,2.04135,0.68627,0.98024,0,0.43147,0.22185,0.22297,0.1378,0.38767,0.20477,0.20278,0.10985,1.26313,2.51937,0.81721,1.06743,0,6.41125e-05,6.41125e-05,6.41125e-05
147,23133.5,1.04487,2.0474,0.68834,0.98156,0,0.43806,0.22049,0.22321,0.13787,0.39583,0.20264,0.20266,0.1098,1.26304,2.51918,0.81699,1.06753,0,6.3865e-05,6.3865e-05,6.3865e-05
148,23307.8,1.0382,2.03626,0.68648,0.97971,0,0.43986,0.22025,0.22301,0.13778,0.39541,0.20321,0.20279,0.10988,1.2638,2.51887,0.81717,1.06781,0,6.36175e-05,6.36175e-05,6.36175e-05
149,23483.9,1.03617,2.03037,0.68177,0.97813,0,0.44303,0.21984,0.22298,0.13789,0.3942,0.20338,0.20286,0.10956,1.26402,2.5199,0.81715,1.06796,0,6.337e-05,6.337e-05,6.337e-05
150,23652.5,1.03645,2.03207,0.68116,0.97903,0,0.44003,0.22099,0.22308,0.13799,0.39574,0.20412,0.20373,0.10968,1.26448,2.52052,0.81745,1.06828,0,6.31225e-05,6.31225e-05,6.31225e-05
151,23818.8,1.04055,2.03493,0.68479,0.97939,0,0.43692,0.21992,0.22277,0.13776,0.39515,0.20431,0.20384,0.10967,1.26529,2.52042,0.81771,1.06883,0,6.2875e-05,6.2875e-05,6.2875e-05
152,23983.6,1.03626,2.03087,0.68124,0.97799,0,0.43832,0.22041,0.22329,0.13781,0.385,0.20565,0.20324,0.10962,1.2652,2.52062,0.81746,1.06892,0,6.26275e-05,6.26275e-05,6.26275e-05
153,24141.9,1.03048,2.02407,0.68096,0.97689,0,0.43748,0.22098,0.22351,0.13785,0.38086,0.20574,0.20326,0.10968,1.2654,2.52123,0.8171,1.06897,0,6.238e-05,6.238e-05,6.238e-05
154,24298.6,1.03494,2.02713,0.68065,0.97599,0,0.41593,0.2258,0.22289,0.13759,0.37957,0.20765,0.20375,0.10991,1.2659,2.52133,0.81719,1.06936,0,6.21325e-05,6.21325e-05,6.21325e-05
155,24440.9,1.0341,2.02667,0.68156,0.97735,0,0.44503,0.21935,0.22286,0.13765,0.39539,0.20434,0.20388,0.11013,1.26631,2.52103,0.81709,1.06946,0,6.1885e-05,6.1885e-05,6.1885e-05
156,24592,1.03427,2.02531,0.67809,0.97434,0,0.44027,0.22005,0.22258,0.13758,0.39455,0.20491,0.20354,0.10971,1.26656,2.52122,0.81689,1.06947,0,6.16375e-05,6.16375e-05,6.16375e-05
157,24752.9,1.03,2.01763,0.67297,0.97319,0,0.45043,0.21877,0.22311,0.13771,0.42569,0.19923,0.20362,0.10975,1.26682,2.52205,0.81675,1.0699,0,6.139e-05,6.139e-05,6.139e-05
158,24909.2,1.03572,2.0307,0.68141,0.97855,0,0.44916,0.2184,0.2231,0.13777,0.43065,0.19739,0.20358,0.10968,1.26702,2.52145,0.81667,1.07013,0,6.11425e-05,6.11425e-05,6.11425e-05
159,25061.8,1.0286,2.01296,0.67551,0.97544,0,0.44612,0.21943,0.22318,0.13767,0.42895,0.19786,0.2034,0.10962,1.26765,2.52083,0.81665,1.0704,0,6.0895e-05,6.0895e-05,6.0895e-05
160,25219.2,1.02878,2.0245,0.67572,0.97558,0,0.45786,0.21755,0.2234,0.13774,0.42634,0.19754,0.20326,0.10956,1.26782,2.52035,0.81668,1.07061,0,6.06475e-05,6.06475e-05,6.06475e-05
161,25374.4,1.0273,2.01579,0.67464,0.97556,0,0.45439,0.2178,0.22338,0.13776,0.42043,0.19789,0.20281,0.10933,1.26819,2.52036,0.81658,1.07064,0,6.04e-05,6.04e-05,6.04e-05
162,25533.4,1.02791,2.01297,0.67209,0.9729,0,0.45139,0.21831,0.22314,0.13771,0.41616,0.19762,0.20286,0.10926,1.26857,2.52123,0.81622,1.07084,0,6.01525e-05,6.01525e-05,6.01525e-05
163,25693.8,1.02844,2.00515,0.67133,0.97304,0,0.45321,0.21739,0.22291,0.13782,0.41669,0.19733,0.20288,0.10925,1.26884,2.52131,0.81636,1.07086,0,5.9905e-05,5.9905e-05,5.9905e-05
164,25848.6,1.03297,2.01647,0.67865,0.97644,0,0.45955,0.21664,0.22248,0.13768,0.41827,0.19844,0.20375,0.10929,1.26882,2.52175,0.81644,1.07072,0,5.96575e-05,5.96575e-05,5.96575e-05
165,26006,1.02968,2.01959,0.67244,0.97395,0,0.45131,0.21816,0.22326,0.13775,0.41746,0.1983,0.20367,0.1094,1.26914,2.52385,0.81659,1.07105,0,5.941e-05,5.941e-05,5.941e-05
166,26160.6,1.02216,2.00516,0.66815,0.97117,0,0.45116,0.21823,0.2232,0.13787,0.41957,0.19874,0.20369,0.1094,1.26945,2.5233,0.8166,1.07116,0,5.91625e-05,5.91625e-05,5.91625e-05
167,26315.6,1.02554,2.00442,0.67222,0.97291,0,0.45045,0.21785,0.22305,0.13782,0.41566,0.19928,0.20349,0.10934,1.26976,2.52422,0.81659,1.07141,0,5.8915e-05,5.8915e-05,5.8915e-05
168,26471.6,1.02688,2.00831,0.67091,0.9705,0,0.45355,0.21747,0.22317,0.13782,0.41929,0.1981,0.20372,0.10933,1.26956,2.52385,0.81646,1.07125,0,5.86675e-05,5.86675e-05,5.86675e-05
169,26629,1.02232,2.00191,0.66725,0.97106,0,0.45271,0.21735,0.22344,0.13793,0.42053,0.19776,0.20373,0.10943,1.26948,2.5234,0.8167,1.07105,0,5.842e-05,5.842e-05,5.842e-05
170,26781.8,1.01983,1.98835,0.66358,0.96979,0,0.45567,0.21735,0.22355,0.13785,0.42267,0.19756,0.20379,0.10944,1.26947,2.52477,0.81676,1.07112,0,5.81725e-05,5.81725e-05,5.81725e-05
171,26933.8,1.0237,2.00201,0.66593,0.97076,0,0.45361,0.21744,0.2236,0.13785,0.41957,0.19787,0.20369,0.10951,1.26978,2.52614,0.81683,1.07141,0,5.7925e-05,5.7925e-05,5.7925e-05
172,27092.1,1.02255,2.0023,0.6675,0.9715,0,0.45422,0.21768,0.2234,0.13787,0.42099,0.19764,0.20368,0.10961,1.26963,2.52608,0.8165,1.0713,0,5.76775e-05,5.76775e-05,5.76775e-05
173,27260.6,1.02621,2.01374,0.66707,0.97209,0,0.45438,0.21784,0.22366,0.13795,0.42267,0.1985,0.20377,0.10965,1.26971,2.52538,0.81653,1.07114,0,5.743e-05,5.743e-05,5.743e-05
174,27416.8,1.0224,2.00155,0.66535,0.97162,0,0.4536,0.21836,0.22393,0.13794,0.42416,0.19868,0.20392,0.10973,1.26986,2.52671,0.81659,1.0714,0,5.71825e-05,5.71825e-05,5.71825e-05
175,27582.6,1.0231,2.00241,0.66539,0.97055,0,0.45287,0.21827,0.22358,0.13793,0.42187,0.19888,0.204,0.10981,1.26982,2.52692,0.81654,1.07128,0,5.6935e-05,5.6935e-05,5.6935e-05
176,27752.4,1.01945,1.98738,0.66136,0.96834,0,0.45528,0.21833,0.2238,0.13797,0.47337,0.19924,0.20422,0.10974,1.27007,2.52845,0.81666,1.07138,0,5.66875e-05,5.66875e-05,5.66875e-05
177,27913.9,1.02157,1.99257,0.66488,0.96947,0,0.45489,0.21849,0.2235,0.13781,0.47411,0.19866,0.20379,0.10978,1.27032,2.52797,0.81679,1.07164,0,5.644e-05,5.644e-05,5.644e-05
178,28076.9,1.01363,1.97629,0.65824,0.96859,0,0.45339,0.22089,0.22373,0.13787,0.47509,0.19865,0.20386,0.10984,1.27057,2.52808,0.81675,1.07179,0,5.61925e-05,5.61925e-05,5.61925e-05
179,28240.6,1.01647,1.98797,0.66232,0.96818,0,0.45544,0.22106,0.22404,0.13791,0.47635,0.19845,0.20395,0.10972,1.27059,2.52898,0.81646,1.0719,0,5.5945e-05,5.5945e-05,5.5945e-05
180,28399.6,1.01511,1.97804,0.66045,0.96794,0,0.45527,0.2209,0.22404,0.13795,0.47775,0.19876,0.20404,0.10989,1.27082,2.52782,0.81674,1.07199,0,5.56975e-05,5.56975e-05,5.56975e-05
181,28561,1.01312,1.97697,0.65469,0.96652,0,0.45551,0.22073,0.22409,0.13798,0.47544,0.19786,0.20317,0.10985,1.27096,2.52659,0.81671,1.07214,0,5.545e-05,5.545e-05,5.545e-05
182,28721.5,1.01113,1.97166,0.65476,0.96652,0,0.45451,0.22101,0.2243,0.13796,0.4738,0.19813,0.20302,0.1098,1.27111,2.52753,0.81693,1.07224,0,5.52025e-05,5.52025e-05,5.52025e-05
183,28896.2,1.01548,1.98893,0.65865,0.96715,0,0.51316,0.22014,0.22423,0.13803,0.47429,0.19803,0.20307,0.10982,1.27153,2.52768,0.81696,1.07245,0,5.4955e-05,5.4955e-05,5.4955e-05
184,29073,1.01486,1.99053,0.65828,0.96828,0,0.52396,0.21871,0.22387,0.13807,0.47686,0.19743,0.20327,0.10984,1.27141,2.52814,0.81705,1.0725,0,5.47075e-05,5.47075e-05,5.47075e-05
185,29241.2,1.01188,1.96893,0.65404,0.96583,0,0.52103,0.21913,0.22419,0.13803,0.47557,0.19779,0.20312,0.10979,1.27145,2.52756,0.81708,1.07241,0,5.446e-05,5.446e-05,5.446e-05
186,29410.2,1.01091,1.97871,0.65494,0.96485,0,0.52204,0.21857,0.224,0.13799,0.47503,0.19756,0.20262,0.10978,1.2717,2.52889,0.81733,1.07247,0,5.42125e-05,5.42125e-05,5.42125e-05
187,29578.7,1.01342,1.98492,0.65836,0.96686,0,0.51985,0.21903,0.224,0.13802,0.47393,0.19726,0.20246,0.10985,1.27211,2.53002,0.81735,1.07274,0,5.3965e-05,5.3965e-05,5.3965e-05
188,29736.9,1.01328,1.98725,0.65529,0.96567,0,0.51948,0.21839,0.22378,0.13782,0.47482,0.19708,0.20184,0.10969,1.27245,2.52953,0.81764,1.07285,0,5.37175e-05,5.37175e-05,5.37175e-05
189,29897.5,1.00951,1.96967,0.65328,0.96549,0,0.51977,0.21825,0.22353,0.13796,0.47443,0.19697,0.20171,0.10969,1.27259,2.53004,0.81753,1.07288,0,5.347e-05,5.347e-05,5.347e-05
190,30056.3,1.00677,1.97072,0.65301,0.96482,0,0.52162,0.21743,0.22385,0.13778,0.47386,0.19624,0.20148,0.10957,1.27273,2.53006,0.81759,1.07295,0,5.32225e-05,5.32225e-05,5.32225e-05
191,30214.1,1.00936,1.97069,0.65175,0.96536,0,0.52324,0.21716,0.22385,0.13785,0.48427,0.19362,0.20119,0.10954,1.27279,2.52991,0.81743,1.07305,0,5.2975e-05,5.2975e-05,5.2975e-05
192,30382.4,1.00818,1.97462,0.65307,0.96457,0,0.5029,0.2218,0.22372,0.1379,0.48133,0.19344,0.2007,0.10934,1.27294,2.53034,0.81729,1.07325,0,5.27275e-05,5.27275e-05,5.27275e-05
193,30540.4,1.00884,1.97216,0.6525,0.96524,0,0.51318,0.21936,0.22356,0.1379,0.48572,0.19281,0.20085,0.10941,1.27346,2.53004,0.81744,1.07352,0,5.248e-05,5.248e-05,5.248e-05
194,30701.6,1.00414,1.96715,0.64773,0.96204,0,0.51475,0.21861,0.22356,0.13797,0.48709,0.19255,0.20072,0.10953,1.27354,2.52983,0.81741,1.07352,0,5.22325e-05,5.22325e-05,5.22325e-05
195,30864.5,1.00642,1.96565,0.64836,0.96235,0,0.51295,0.21916,0.22323,0.13787,0.48719,0.19273,0.20095,0.10958,1.27359,2.52959,0.81752,1.07347,0,5.1985e-05,5.1985e-05,5.1985e-05
196,31027.1,1.0079,1.97238,0.65079,0.96406,0,0.51288,0.21905,0.22339,0.13803,0.48722,0.19283,0.20068,0.10951,1.2735,2.52976,0.81738,1.07343,0,5.17375e-05,5.17375e-05,5.17375e-05
197,31192.8,1.00324,1.95367,0.64579,0.96192,0,0.51557,0.21874,0.22347,0.13805,0.48561,0.19286,0.20092,0.10956,1.27348,2.52913,0.81751,1.07349,0,5.149e-05,5.149e-05,5.149e-05
198,31360.9,1.00306,1.95695,0.64793,0.96107,0,0.51357,0.2192,0.2234,0.13789,0.48413,0.19288,0.20065,0.10948,1.27355,2.52955,0.81766,1.07348,0,5.12425e-05,5.12425e-05,5.12425e-05
199,31523.4,1.00682,1.96345,0.64717,0.96289,0,0.51735,0.21883,0.22356,0.138,0.48475,0.19303,0.20095,0.10946,1.27348,2.52966,0.81753,1.07346,0,5.0995e-05,5.0995e-05,5.0995e-05
200,31688.3,1.0081,1.96742,0.64743,0.96221,0,0.51648,0.21889,0.2234,0.13782,0.48502,0.19273,0.2007,0.10938,1.2738,2.53036,0.81763,1.07353,0,5.07475e-05,5.07475e-05,5.07475e-05
201,31864.7,1.00179,1.96296,0.64672,0.96202,0,0.51469,0.21877,0.22292,0.13795,0.48381,0.19291,0.20071,0.10948,1.27372,2.53029,0.8176,1.07335,0,5.05e-05,5.05e-05,5.05e-05
202,32026.9,1.00282,1.95419,0.64559,0.9618,0,0.51622,0.21872,0.22294,0.13799,0.48581,0.19301,0.20084,0.10939,1.27372,2.53098,0.8176,1.07328,0,5.02525e-05,5.02525e-05,5.02525e-05
203,32193.7,1.00375,1.95436,0.64679,0.96184,0,0.50413,0.22056,0.22364,0.13818,0.48468,0.19339,0.2007,0.10945,1.27404,2.53198,0.8179,1.07344,0,5.0005e-05,5.0005e-05,5.0005e-05
204,32364.7,1.00005,1.95096,0.64414,0.96172,0,0.51463,0.21848,0.22314,0.13797,0.48722,0.19305,0.20077,0.10952,1.27421,2.53142,0.81778,1.07345,0,4.97575e-05,4.97575e-05,4.97575e-05
205,32530.1,1.0024,1.96062,0.64432,0.96059,0,0.50441,0.2205,0.22387,0.13808,0.47958,0.19398,0.20094,0.10942,1.27443,2.53145,0.81812,1.0735,0,4.951e-05,4.951e-05,4.951e-05
206,32696,1.00452,1.96459,0.64357,0.96239,0,0.50214,0.22073,0.22363,0.13803,0.48821,0.19301,0.20074,0.1095,1.27443,2.53145,0.81818,1.07339,0,4.92625e-05,4.92625e-05,4.92625e-05
207,32868.1,1.00136,1.94897,0.64341,0.96017,0,0.50379,0.22005,0.22379,0.13795,0.47845,0.19417,0.20073,0.10942,1.27471,2.53106,0.81825,1.07351,0,4.9015e-05,4.9015e-05,4.9015e-05
208,33035.5,0.99838,1.94561,0.63876,0.95855,0,0.50111,0.22123,0.22384,0.13797,0.47716,0.19425,0.2006,0.10948,1.27476,2.53089,0.81815,1.07355,0,4.87675e-05,4.87675e-05,4.87675e-05
209,33201.1,1.00025,1.95437,0.64175,0.96064,0,0.44687,0.2214,0.22389,0.13799,0.47897,0.19377,0.20045,0.10942,1.27524,2.53028,0.81818,1.07366,0,4.852e-05,4.852e-05,4.852e-05
210,33365.5,0.99649,1.9465,0.63852,0.9592,0,0.44144,0.22315,0.22391,0.13799,0.47983,0.19354,0.20094,0.10937,1.27516,2.52984,0.81812,1.07348,0,4.82725e-05,4.82725e-05,4.82725e-05
211,33531.6,1.00038,1.95846,0.64221,0.96067,0,0.44569,0.22263,0.22381,0.13794,0.47954,0.19351,0.20076,0.10939,1.27545,2.52976,0.81835,1.07358,0,4.8025e-05,4.8025e-05,4.8025e-05
212,33690.6,0.99538,1.94011,0.63778,0.95829,0,0.44554,0.22287,0.22359,0.13793,0.4809,0.19345,0.20102,0.10931,1.27564,2.52944,0.81825,1.07375,0,4.77775e-05,4.77775e-05,4.77775e-05
213,33852.4,0.9971,1.95142,0.63954,0.95741,0,0.44664,0.22263,0.22381,0.13797,0.48038,0.19341,0.2004,0.1092,1.27586,2.52994,0.81839,1.0739,0,4.753e-05,4.753e-05,4.753e-05
214,34012.4,0.99251,1.93269,0.6362,0.95654,0,0.44697,0.22252,0.22379,0.13802,0.47982,0.19336,0.20097,0.10921,1.27602,2.52912,0.81814,1.07402,0,4.72825e-05,4.72825e-05,4.72825e-05
215,34166.8,0.99839,1.94289,0.63538,0.95775,0,0.44547,0.22279,0.22371,0.13797,0.47964,0.19484,0.20159,0.10933,1.27616,2.52988,0.8183,1.07404,0,4.7035e-05,4.7035e-05,4.7035e-05
216,34321.8,0.99306,1.93483,0.63447,0.95769,0,0.44394,0.22284,0.22385,0.13798,0.48062,0.19504,0.20166,0.10924,1.27629,2.52913,0.81837,1.07416,0,4.67875e-05,4.67875e-05,4.67875e-05
217,34475.3,0.99839,1.94036,0.63656,0.95831,0,0.44428,0.22286,0.22378,0.13794,0.48003,0.19476,0.20108,0.10923,1.27649,2.52959,0.81824,1.07429,0,4.654e-05,4.654e-05,4.654e-05
218,34630,0.99242,1.93865,0.63493,0.95641,0,0.44425,0.223,0.2238,0.13796,0.47986,0.19507,0.20123,0.10931,1.27666,2.53145,0.81834,1.07428,0,4.62925e-05,4.62925e-05,4.62925e-05
219,34784.8,0.99173,1.937,0.63314,0.95663,0,0.44312,0.22328,0.22394,0.138,0.47875,0.19525,0.20105,0.10932,1.27667,2.532,0.81823,1.07438,0,4.6045e-05,4.6045e-05,4.6045e-05
220,34938.4,0.9918,1.93413,0.6328,0.95629,0,0.44349,0.22334,0.2239,0.1379,0.4778,0.1952,0.20128,0.10938,1.27681,2.53267,0.81809,1.07456,0,4.57975e-05,4.57975e-05,4.57975e-05
221,35093.1,0.99417,1.93634,0.63503,0.95598,0,0.44334,0.22327,0.22411,0.13796,0.47859,0.1953,0.20148,0.10946,1.2771,2.5335,0.81807,1.07464,0,4.555e-05,4.555e-05,4.555e-05
222,35248.5,0.98931,1.9339,0.63246,0.95407,0,0.44408,0.22291,0.22405,0.13801,0.47739,0.19492,0.20113,0.10934,1.27723,2.53357,0.81806,1.07471,0,4.53025e-05,4.53025e-05,4.53025e-05
223,35403.4,0.99166,1.93439,0.63251,0.95589,0,0.44465,0.22248,0.22435,0.13801,0.47478,0.19503,0.20102,0.10938,1.27729,2.53382,0.81809,1.0748,0,4.5055e-05,4.5055e-05,4.5055e-05
224,35557.7,0.98973,1.93291,0.63165,0.95497,0,0.4422,0.22282,0.22444,0.138,0.47756,0.19498,0.2012,0.10942,1.27754,2.53415,0.81795,1.07488,0,4.48075e-05,4.48075e-05,4.48075e-05
225,35712.8,0.99003,1.93246,0.63223,0.95416,0,0.44283,0.22228,0.22443,0.13799,0.47786,0.1949,0.20172,0.10946,1.27796,2.53441,0.818,1.0752,0,4.456e-05,4.456e-05,4.456e-05
226,35867.1,0.99145,1.93079,0.63318,0.95678,0,0.43962,0.22305,0.22427,0.13793,0.47958,0.19315,0.20116,0.10939,1.27821,2.53449,0.8181,1.07516,0,4.43125e-05,4.43125e-05,4.43125e-05
227,36023.5,0.98662,1.92002,0.62628,0.95207,0,0.43884,0.22367,0.22422,0.13792,0.47355,0.19515,0.20145,0.1094,1.27862,2.53517,0.81824,1.07536,0,4.4065e-05,4.4065e-05,4.4065e-05
228,36182.1,0.98947,1.92872,0.6322,0.95442,0,0.43786,0.22352,0.22403,0.13792,0.48064,0.1931,0.20117,0.10941,1.27869,2.53594,0.81821,1.07534,0,4.38175e-05,4.38175e-05,4.38175e-05
229,36336.8,0.98731,1.92355,0.62953,0.95355,0,0.43755,0.22347,0.22412,0.138,0.47896,0.19347,0.20107,0.10952,1.2789,2.53645,0.81818,1.07553,0,4.357e-05,4.357e-05,4.357e-05
230,36496.1,0.9862,1.92552,0.62649,0.95241,0,0.4368,0.22342,0.22431,0.1379,0.4804,0.19338,0.20082,0.10943,1.27909,2.53582,0.81814,1.07566,0,4.33225e-05,4.33225e-05,4.33225e-05
231,36648.4,0.98615,1.92187,0.62938,0.95199,0,0.43429,0.22363,0.22417,0.13791,0.47073,0.19286,0.20004,0.10944,1.27926,2.53573,0.81836,1.07566,0,4.3075e-05,4.3075e-05,4.3075e-05
232,36804.8,0.9827,1.91932,0.6248,0.95189,0,0.43358,0.22346,0.22399,0.13784,0.40898,0.19695,0.20043,0.1095,1.27953,2.53561,0.81824,1.07581,0,4.28275e-05,4.28275e-05,4.28275e-05
233,36959.3,0.98466,1.91925,0.62639,0.95175,0,0.43401,0.22347,0.22412,0.13786,0.40746,0.19706,0.20036,0.10953,1.27964,2.53662,0.81822,1.07587,0,4.258e-05,4.258e-05,4.258e-05
234,37114.6,0.97932,1.90919,0.623,0.94833,0,0.43393,0.22337,0.22415,0.13789,0.40957,0.19691,0.20049,0.10952,1.27971,2.53718,0.81827,1.0759,0,4.23325e-05,4.23325e-05,4.23325e-05
235,37272.4,0.98587,1.91516,0.62522,0.95299,0,0.43757,0.22396,0.22443,0.13797,0.41543,0.19555,0.20046,0.10944,1.28001,2.53626,0.81813,1.07595,0,4.2085e-05,4.2085e-05,4.2085e-05
236,37424.7,0.97955,1.9139,0.62172,0.94972,0,0.43701,0.22423,0.22443,0.13807,0.39499,0.19952,0.20032,0.10949,1.28001,2.53597,0.81807,1.0761,0,4.18375e-05,4.18375e-05,4.18375e-05
237,37581.5,0.98196,1.91264,0.6212,0.95174,0,0.43869,0.22353,0.22439,0.13788,0.39824,0.19906,0.20027,0.10932,1.28041,2.53607,0.81802,1.07626,0,4.159e-05,4.159e-05,4.159e-05
238,37738.9,0.9821,1.91399,0.62269,0.95303,0,0.43944,0.22331,0.22436,0.13792,0.39867,0.19881,0.20049,0.10957,1.28092,2.53535,0.81813,1.07647,0,4.13425e-05,4.13425e-05,4.13425e-05
239,37892.2,0.98229,1.91694,0.62335,0.9506,0,0.44104,0.22318,0.22435,0.13789,0.39858,0.19873,0.20049,0.10968,1.28112,2.53538,0.81818,1.07661,0,4.1095e-05,4.1095e-05,4.1095e-05
240,38047.8,0.97843,1.90864,0.62005,0.94925,0,0.44123,0.22312,0.22458,0.13798,0.39676,0.19907,0.20046,0.10948,1.28155,2.53604,0.81825,1.07686,0,4.08475e-05,4.08475e-05,4.08475e-05
241,38201.3,0.97936,1.90436,0.6194,0.94933,0,0.44063,0.22343,0.22439,0.13791,0.395,0.19954,0.20078,0.10958,1.28177,2.53564,0.81823,1.07704,0,4.06e-05,4.06e-05,4.06e-05
242,38355.3,0.97908,1.91475,0.61979,0.94985,0,0.44037,0.22331,0.22442,0.13785,0.39396,0.19863,0.2004,0.10932,1.28196,2.5368,0.81807,1.07721,0,4.03525e-05,4.03525e-05,4.03525e-05
243,38511.6,0.97727,1.90446,0.6183,0.94786,0,0.44175,0.22363,0.22472,0.13787,0.39801,0.19917,0.20115,0.10951,1.28218,2.53557,0.81811,1.07726,0,4.0105e-05,4.0105e-05,4.0105e-05
244,38668.5,0.97966,1.90811,0.61934,0.94889,0,0.4414,0.2236,0.22467,0.13785,0.39906,0.19916,0.20124,0.10956,1.28217,2.53551,0.81802,1.07734,0,3.98575e-05,3.98575e-05,3.98575e-05
245,38822.2,0.97526,1.89978,0.61747,0.94895,0,0.44178,0.2235,0.22451,0.13779,0.39684,0.19923,0.20096,0.10944,1.28209,2.53634,0.81803,1.07719,0,3.961e-05,3.961e-05,3.961e-05
246,38975.6,0.97608,1.90585,0.61756,0.94824,0,0.44058,0.22298,0.22419,0.13772,0.42845,0.19231,0.20054,0.10935,1.28217,2.5383,0.8181,1.07729,0,3.93625e-05,3.93625e-05,3.93625e-05
247,39128.1,0.9694,1.88889,0.6146,0.94772,0,0.4397,0.22326,0.22419,0.13764,0.42643,0.1927,0.20083,0.10946,1.2823,2.53917,0.81834,1.07738,0,3.9115e-05,3.9115e-05,3.9115e-05
248,39281,0.97122,1.89019,0.61432,0.94707,0,0.44058,0.22345,0.22425,0.13757,0.4265,0.1927,0.20084,0.10935,1.28247,2.53967,0.81858,1.0773,0,3.88675e-05,3.88675e-05,3.88675e-05
249,39434.7,0.9726,1.89239,0.61291,0.94706,0,0.44226,0.2234,0.22448,0.1377,0.41057,0.19553,0.20046,0.10937,1.28237,2.54028,0.81877,1.07724,0,3.862e-05,3.862e-05,3.862e-05
250,39589.3,0.97504,1.89949,0.61669,0.94672,0,0.4417,0.22339,0.22446,0.13767,0.41159,0.1954,0.20074,0.10933,1.28254,2.54062,0.81931,1.07718,0,3.83725e-05,3.83725e-05,3.83725e-05
251,39743.6,0.97528,1.9006,0.61817,0.9493,0,0.44246,0.2234,0.22444,0.13769,0.41003,0.1963,0.20084,0.10944,1.28304,2.54,0.81935,1.0774,0,3.8125e-05,3.8125e-05,3.8125e-05
252,39899.2,0.97126,1.89109,0.61499,0.94541,0,0.4437,0.22389,0.22489,0.1377,0.4093,0.1967,0.2009,0.10931,1.28344,2.53947,0.81944,1.0775,0,3.78775e-05,3.78775e-05,3.78775e-05
253,40053.1,0.97076,1.89311,0.61303,0.94536,0,0.44341,0.22437,0.22455,0.1376,0.41142,0.19596,0.20116,0.10936,1.28381,2.54072,0.81949,1.07758,0,3.763e-05,3.763e-05,3.763e-05
254,40206.9,0.96549,1.87594,0.60795,0.9453,0,0.44524,0.22424,0.225,0.13767,0.41109,0.1958,0.20124,0.10927,1.28412,2.54129,0.8193,1.07772,0,3.73825e-05,3.73825e-05,3.73825e-05
255,40363.5,0.96967,1.89297,0.61537,0.94734,0,0.44428,0.22438,0.22494,0.13774,0.41096,0.19571,0.20132,0.10946,1.28453,2.53981,0.81936,1.07789,0,3.7135e-05,3.7135e-05,3.7135e-05
256,40513.7,0.97141,1.89549,0.61488,0.9475,0,0.44516,0.22438,0.22504,0.13777,0.41121,0.19548,0.20111,0.10937,1.2849,2.5403,0.81927,1.07805,0,3.68875e-05,3.68875e-05,3.68875e-05
257,40664,0.96591,1.88689,0.61133,0.94569,0,0.445,0.22462,0.22498,0.13771,0.41069,0.19551,0.2011,0.10926,1.28531,2.54054,0.81956,1.07807,0,3.664e-05,3.664e-05,3.664e-05
258,40812.8,0.97091,1.8958,0.61305,0.9467,0,0.44653,0.22453,0.2246,0.13763,0.41229,0.19521,0.20064,0.10927,1.28535,2.54083,0.81976,1.07786,0,3.63925e-05,3.63925e-05,3.63925e-05
259,40965,0.96946,1.89291,0.61251,0.94459,0,0.44768,0.22487,0.22482,0.13769,0.41018,0.19586,0.20093,0.10931,1.28555,2.54033,0.81982,1.07797,0,3.6145e-05,3.6145e-05,3.6145e-05
260,41114.1,0.97079,1.89033,0.61275,0.94674,0,0.44356,0.22499,0.22463,0.13754,0.41264,0.19568,0.201,0.10933,1.28595,2.54134,0.81981,1.07818,0,3.58975e-05,3.58975e-05,3.58975e-05
261,41263.4,0.97206,1.89088,0.61252,0.94635,0,0.44401,0.22484,0.22471,0.13751,0.41102,0.19596,0.20076,0.10922,1.2859,2.54255,0.82,1.07799,0,3.565e-05,3.565e-05,3.565e-05
262,41413.1,0.96651,1.88099,0.60992,0.94427,0,0.44591,0.22466,0.22492,0.13761,0.40912,0.19583,0.20064,0.10925,1.28599,2.5423,0.82026,1.07783,0,3.54025e-05,3.54025e-05,3.54025e-05
263,41563.2,0.96789,1.882,0.61054,0.94547,0,0.44568,0.22441,0.22475,0.13754,0.4084,0.19584,0.20068,0.10926,1.2863,2.54235,0.82042,1.0779,0,3.5155e-05,3.5155e-05,3.5155e-05
264,41715.6,0.96428,1.87638,0.60837,0.94306,0,0.43802,0.22592,0.22454,0.13742,0.40409,0.19678,0.20061,0.10922,1.28644,2.54395,0.8203,1.07794,0,3.49075e-05,3.49075e-05,3.49075e-05
265,41865.6,0.96552,1.88017,0.60713,0.94469,0,0.43941,0.22586,0.22488,0.13734,0.40622,0.19722,0.20076,0.10916,1.28669,2.54371,0.82043,1.07795,0,3.466e-05,3.466e-05,3.466e-05
266,42013,0.96749,1.87807,0.60831,0.94441,0,0.43958,0.22542,0.22482,0.13728,0.40825,0.19783,0.20037,0.10918,1.28684,2.54384,0.82024,1.07807,0,3.44125e-05,3.44125e-05,3.44125e-05
267,42162.1,0.96719,1.87934,0.60754,0.9451,0,0.43806,0.22579,0.22468,0.1373,0.40982,0.1979,0.20066,0.10921,1.28726,2.5435,0.82047,1.07822,0,3.4165e-05,3.4165e-05,3.4165e-05
268,42310.7,0.96493,1.87841,0.60847,0.94408,0,0.43797,0.22581,0.22475,0.13744,0.42191,0.19506,0.20034,0.10912,1.28762,2.54338,0.82068,1.07831,0,3.39175e-05,3.39175e-05,3.39175e-05
269,42457.7,0.96456,1.87874,0.6087,0.94244,0,0.43714,0.22565,0.22503,0.1374,0.41938,0.19527,0.20023,0.10911,1.28798,2.54442,0.82098,1.07841,0,3.367e-05,3.367e-05,3.367e-05
270,42607.3,0.96195,1.86597,0.60486,0.94353,0,0.43884,0.2254,0.22472,0.13728,0.42022,0.19537,0.20011,0.10904,1.2881,2.54453,0.82091,1.07841,0,3.34225e-05,3.34225e-05,3.34225e-05
271,42755.4,0.96081,1.86235,0.60456,0.94112,0,0.43894,0.2256,0.22491,0.13742,0.41747,0.19582,0.20003,0.10901,1.28825,2.54406,0.8211,1.07846,0,3.3175e-05,3.3175e-05,3.3175e-05
272,42905.6,0.96394,1.87064,0.6051,0.94346,0,0.43853,0.22533,0.22484,0.13735,0.41715,0.19622,0.20017,0.10906,1.28857,2.54405,0.82122,1.07863,0,3.29275e-05,3.29275e-05,3.29275e-05
273,43055.7,0.96334,1.87575,0.60469,0.94181,0,0.44004,0.22547,0.22492,0.13735,0.41625,0.19631,0.19998,0.10913,1.28863,2.54464,0.82136,1.07859,0,3.268e-05,3.268e-05,3.268e-05
274,43205.3,0.95894,1.86133,0.59864,0.94041,0,0.44449,0.22546,0.22516,0.13744,0.41678,0.19664,0.20012,0.1092,1.28874,2.54429,0.82153,1.0785,0,3.24325e-05,3.24325e-05,3.24325e-05
275,43354.3,0.95749,1.86882,0.60052,0.94048,0,0.44362,0.22538,0.22485,0.13738,0.42025,0.19589,0.19986,0.10933,1.28888,2.54474,0.82143,1.07869,0,3.2185e-05,3.2185e-05,3.2185e-05
276,43504.4,0.95833,1.86702,0.60383,0.94003,0,0.44276,0.22553,0.22495,0.13737,0.41872,0.19584,0.19989,0.10924,1.28936,2.5436,0.82163,1.07892,0,3.19375e-05,3.19375e-05,3.19375e-05
277,43657.7,0.95801,1.8643,0.59945,0.93897,0,0.44324,0.22569,0.22506,0.13744,0.41862,0.1963,0.20027,0.10941,1.28945,2.54454,0.82164,1.07897,0,3.169e-05,3.169e-05,3.169e-05
278,43809.3,0.96377,1.87539,0.60611,0.94166,0,0.44196,0.22585,0.22492,0.13729,0.42402,0.19519,0.19992,0.10923,1.28967,2.54382,0.82165,1.07903,0,3.14425e-05,3.14425e-05,3.14425e-05
279,43963.5,0.95685,1.86374,0.60111,0.94051,0,0.44078,0.22627,0.22474,0.13711,0.42899,0.19446,0.19983,0.10912,1.28957,2.5445,0.82167,1.07903,0,3.1195e-05,3.1195e-05,3.1195e-05
280,44114.3,0.95621,1.85923,0.60013,0.94085,0,0.44155,0.22617,0.22473,0.1373,0.41041,0.19802,0.20084,0.10925,1.28991,2.54359,0.82177,1.07925,0,3.09475e-05,3.09475e-05,3.09475e-05
281,44261.9,0.95577,1.85874,0.59833,0.93941,0,0.44453,0.2259,0.2247,0.13731,0.40755,0.19843,0.20089,0.10933,1.29004,2.54423,0.82181,1.07931,0,3.07e-05,3.07e-05,3.07e-05
282,44409.7,0.95746,1.86177,0.60015,0.93947,0,0.44368,0.22604,0.22473,0.13717,0.40605,0.19923,0.20066,0.10933,1.29037,2.54425,0.82184,1.07965,0,3.04525e-05,3.04525e-05,3.04525e-05
283,44559.7,0.95827,1.85937,0.59911,0.93968,0,0.44164,0.22604,0.22477,0.13711,0.4061,0.19926,0.20096,0.10917,1.29071,2.54353,0.82188,1.07974,0,3.0205e-05,3.0205e-05,3.0205e-05
284,44710.4,0.95545,1.85875,0.59788,0.93992,0,0.44199,0.22526,0.2246,0.13705,0.40403,0.19909,0.20076,0.10924,1.29092,2.54537,0.8221,1.07992,0,2.99575e-05,2.99575e-05,2.99575e-05
